-- Seed: capstone framework (generated by scripts/framework-seed.mjs)
INSERT INTO requirements (id, program_id, phase, title, description, required, sort_order) VALUES ('req-senior-project-workspace', NULL, 'start', 'Senior Project Workspace', 'Create student workspace automatically when the student account is provisioned.', 1, 1) ON CONFLICT(id) DO UPDATE SET program_id=excluded.program_id, phase=excluded.phase, title=excluded.title, description=excluded.description, required=excluded.required, sort_order=excluded.sort_order;
INSERT INTO requirements (id, program_id, phase, title, description, required, sort_order) VALUES ('req-resume', NULL, 'start', 'Resume', 'Provide resume template/help link.', 1, 2) ON CONFLICT(id) DO UPDATE SET program_id=excluded.program_id, phase=excluded.phase, title=excluded.title, description=excluded.description, required=excluded.required, sort_order=excluded.sort_order;
INSERT INTO requirements (id, program_id, phase, title, description, required, sort_order) VALUES ('req-proposal-draft', NULL, 'phase-1', 'Senior Project Proposal Draft', 'Student drafts proposal in the app or uploads a proposal document.', 1, 3) ON CONFLICT(id) DO UPDATE SET program_id=excluded.program_id, phase=excluded.phase, title=excluded.title, description=excluded.description, required=excluded.required, sort_order=excluded.sort_order;
INSERT INTO requirements (id, program_id, phase, title, description, required, sort_order) VALUES ('req-approved-proposal', NULL, 'phase-1', 'Senior Project Proposal - Approved', 'Copy-forward the approved draft into a final proposal record.', 1, 4) ON CONFLICT(id) DO UPDATE SET program_id=excluded.program_id, phase=excluded.phase, title=excluded.title, description=excluded.description, required=excluded.required, sort_order=excluded.sort_order;
INSERT INTO requirements (id, program_id, phase, title, description, required, sort_order) VALUES ('req-research-proposal-challenge', NULL, 'phase-1', 'Research Proposal Challenge', 'Break the assignment into guided sections with save-as-draft.', 1, 5) ON CONFLICT(id) DO UPDATE SET program_id=excluded.program_id, phase=excluded.phase, title=excluded.title, description=excluded.description, required=excluded.required, sort_order=excluded.sort_order;
INSERT INTO requirements (id, program_id, phase, title, description, required, sort_order) VALUES ('req-mentor-meeting-one-plan', NULL, 'phase-2a', 'Mentor Meeting One Plan of Action', 'Seeded from capstone framework (Class of 2026).', 1, 6) ON CONFLICT(id) DO UPDATE SET program_id=excluded.program_id, phase=excluded.phase, title=excluded.title, description=excluded.description, required=excluded.required, sort_order=excluded.sort_order;
INSERT INTO requirements (id, program_id, phase, title, description, required, sort_order) VALUES ('req-mentor-meeting-two-outline', NULL, 'phase-2b', 'Mentor Meeting Two Outline', 'Seeded from capstone framework (Class of 2026).', 1, 7) ON CONFLICT(id) DO UPDATE SET program_id=excluded.program_id, phase=excluded.phase, title=excluded.title, description=excluded.description, required=excluded.required, sort_order=excluded.sort_order;
INSERT INTO requirements (id, program_id, phase, title, description, required, sort_order) VALUES ('req-thanks-and-thanks', NULL, 'phase-4', 'Thanks and Thanks Senior Project Week', 'Provide thank-you letter template.', 1, 8) ON CONFLICT(id) DO UPDATE SET program_id=excluded.program_id, phase=excluded.phase, title=excluded.title, description=excluded.description, required=excluded.required, sort_order=excluded.sort_order;
INSERT INTO requirements (id, program_id, phase, title, description, required, sort_order) VALUES ('req-presentation-day', NULL, 'phase-3a', 'Senior Project Presentation Day', 'Seeded from capstone framework (Class of 2026).', 1, 9) ON CONFLICT(id) DO UPDATE SET program_id=excluded.program_id, phase=excluded.phase, title=excluded.title, description=excluded.description, required=excluded.required, sort_order=excluded.sort_order;
INSERT INTO requirements (id, program_id, phase, title, description, required, sort_order) VALUES ('req-celebration-day', NULL, 'phase-3b', 'Senior Project Celebration Day', 'Seeded from capstone framework (Class of 2026).', 1, 10) ON CONFLICT(id) DO UPDATE SET program_id=excluded.program_id, phase=excluded.phase, title=excluded.title, description=excluded.description, required=excluded.required, sort_order=excluded.sort_order;
INSERT INTO requirements (id, program_id, phase, title, description, required, sort_order) VALUES ('req-reflection-best-work', NULL, 'phase-4', 'Reflection 1: My Best Work', 'Seeded from capstone framework (Class of 2026).', 1, 11) ON CONFLICT(id) DO UPDATE SET program_id=excluded.program_id, phase=excluded.phase, title=excluded.title, description=excluded.description, required=excluded.required, sort_order=excluded.sort_order;
INSERT INTO requirements (id, program_id, phase, title, description, required, sort_order) VALUES ('req-reflection-senior-project', NULL, 'phase-4', 'Reflection 2: Senior Project Reflection', 'Seeded from capstone framework (Class of 2026).', 1, 12) ON CONFLICT(id) DO UPDATE SET program_id=excluded.program_id, phase=excluded.phase, title=excluded.title, description=excluded.description, required=excluded.required, sort_order=excluded.sort_order;
INSERT INTO requirements (id, program_id, phase, title, description, required, sort_order) VALUES ('req-reflection-tenet-mastery', NULL, 'phase-4', 'Reflection 3: Tenet Mastery Reflection', 'Seeded from capstone framework (Class of 2026).', 1, 13) ON CONFLICT(id) DO UPDATE SET program_id=excluded.program_id, phase=excluded.phase, title=excluded.title, description=excluded.description, required=excluded.required, sort_order=excluded.sort_order;
INSERT INTO requirements (id, program_id, phase, title, description, required, sort_order) VALUES ('req-reflection-project-based-learning', NULL, 'phase-4', 'Reflection 4: Project-Based Learning Reflection', 'Seeded from capstone framework (Class of 2026).', 1, 14) ON CONFLICT(id) DO UPDATE SET program_id=excluded.program_id, phase=excluded.phase, title=excluded.title, description=excluded.description, required=excluded.required, sort_order=excluded.sort_order;
INSERT INTO requirements (id, program_id, phase, title, description, required, sort_order) VALUES ('req-reflection-next-year-plan', NULL, 'phase-4', 'Reflection 5: Plan for the Next Year', 'Seeded from capstone framework (Class of 2026).', 1, 15) ON CONFLICT(id) DO UPDATE SET program_id=excluded.program_id, phase=excluded.phase, title=excluded.title, description=excluded.description, required=excluded.required, sort_order=excluded.sort_order;
INSERT INTO requirements (id, program_id, phase, title, description, required, sort_order) VALUES ('req-personal-archive-export', NULL, 'finish', 'Download and Keep Personal Copies', 'Generate export package of approved documents, artifacts, reflections, and portfolio links.', 1, 16) ON CONFLICT(id) DO UPDATE SET program_id=excluded.program_id, phase=excluded.phase, title=excluded.title, description=excluded.description, required=excluded.required, sort_order=excluded.sort_order;
INSERT INTO requirement_sections (id, requirement_id, title, description, sort_order, active) VALUES ('section-senior-project-workspace-root', 'req-senior-project-workspace', 'Senior Project Workspace', NULL, 1, 1) ON CONFLICT(id) DO UPDATE SET requirement_id=excluded.requirement_id, title=excluded.title, description=excluded.description, sort_order=excluded.sort_order, active=excluded.active;
INSERT INTO requirement_sections (id, requirement_id, title, description, sort_order, active) VALUES ('section-resume-root', 'req-resume', 'Resume', NULL, 1, 1) ON CONFLICT(id) DO UPDATE SET requirement_id=excluded.requirement_id, title=excluded.title, description=excluded.description, sort_order=excluded.sort_order, active=excluded.active;
INSERT INTO requirement_sections (id, requirement_id, title, description, sort_order, active) VALUES ('section-proposal-draft-root', 'req-proposal-draft', 'Senior Project Proposal Draft', NULL, 1, 1) ON CONFLICT(id) DO UPDATE SET requirement_id=excluded.requirement_id, title=excluded.title, description=excluded.description, sort_order=excluded.sort_order, active=excluded.active;
INSERT INTO requirement_sections (id, requirement_id, title, description, sort_order, active) VALUES ('section-approved-proposal-root', 'req-approved-proposal', 'Senior Project Proposal - Approved', NULL, 1, 1) ON CONFLICT(id) DO UPDATE SET requirement_id=excluded.requirement_id, title=excluded.title, description=excluded.description, sort_order=excluded.sort_order, active=excluded.active;
INSERT INTO requirement_sections (id, requirement_id, title, description, sort_order, active) VALUES ('section-research-proposal-challenge-root', 'req-research-proposal-challenge', 'Research Proposal Challenge', NULL, 1, 1) ON CONFLICT(id) DO UPDATE SET requirement_id=excluded.requirement_id, title=excluded.title, description=excluded.description, sort_order=excluded.sort_order, active=excluded.active;
INSERT INTO requirement_sections (id, requirement_id, title, description, sort_order, active) VALUES ('section-mentor-meeting-one-plan-root', 'req-mentor-meeting-one-plan', 'Mentor Meeting One Plan of Action', NULL, 1, 1) ON CONFLICT(id) DO UPDATE SET requirement_id=excluded.requirement_id, title=excluded.title, description=excluded.description, sort_order=excluded.sort_order, active=excluded.active;
INSERT INTO requirement_sections (id, requirement_id, title, description, sort_order, active) VALUES ('section-mentor-meeting-two-outline-root', 'req-mentor-meeting-two-outline', 'Mentor Meeting Two Outline', NULL, 1, 1) ON CONFLICT(id) DO UPDATE SET requirement_id=excluded.requirement_id, title=excluded.title, description=excluded.description, sort_order=excluded.sort_order, active=excluded.active;
INSERT INTO requirement_sections (id, requirement_id, title, description, sort_order, active) VALUES ('section-thanks-and-thanks-root', 'req-thanks-and-thanks', 'Thanks and Thanks Senior Project Week', NULL, 1, 1) ON CONFLICT(id) DO UPDATE SET requirement_id=excluded.requirement_id, title=excluded.title, description=excluded.description, sort_order=excluded.sort_order, active=excluded.active;
INSERT INTO requirement_sections (id, requirement_id, title, description, sort_order, active) VALUES ('section-presentation-day-root', 'req-presentation-day', 'Senior Project Presentation Day', NULL, 1, 1) ON CONFLICT(id) DO UPDATE SET requirement_id=excluded.requirement_id, title=excluded.title, description=excluded.description, sort_order=excluded.sort_order, active=excluded.active;
INSERT INTO requirement_sections (id, requirement_id, title, description, sort_order, active) VALUES ('section-celebration-day-root', 'req-celebration-day', 'Senior Project Celebration Day', NULL, 1, 1) ON CONFLICT(id) DO UPDATE SET requirement_id=excluded.requirement_id, title=excluded.title, description=excluded.description, sort_order=excluded.sort_order, active=excluded.active;
INSERT INTO requirement_sections (id, requirement_id, title, description, sort_order, active) VALUES ('section-reflection-best-work-root', 'req-reflection-best-work', 'Reflection 1: My Best Work', NULL, 1, 1) ON CONFLICT(id) DO UPDATE SET requirement_id=excluded.requirement_id, title=excluded.title, description=excluded.description, sort_order=excluded.sort_order, active=excluded.active;
INSERT INTO requirement_sections (id, requirement_id, title, description, sort_order, active) VALUES ('section-reflection-senior-project-root', 'req-reflection-senior-project', 'Reflection 2: Senior Project Reflection', NULL, 1, 1) ON CONFLICT(id) DO UPDATE SET requirement_id=excluded.requirement_id, title=excluded.title, description=excluded.description, sort_order=excluded.sort_order, active=excluded.active;
INSERT INTO requirement_sections (id, requirement_id, title, description, sort_order, active) VALUES ('section-reflection-tenet-mastery-root', 'req-reflection-tenet-mastery', 'Reflection 3: Tenet Mastery Reflection', NULL, 1, 1) ON CONFLICT(id) DO UPDATE SET requirement_id=excluded.requirement_id, title=excluded.title, description=excluded.description, sort_order=excluded.sort_order, active=excluded.active;
INSERT INTO requirement_sections (id, requirement_id, title, description, sort_order, active) VALUES ('section-reflection-project-based-learning-root', 'req-reflection-project-based-learning', 'Reflection 4: Project-Based Learning Reflection', NULL, 1, 1) ON CONFLICT(id) DO UPDATE SET requirement_id=excluded.requirement_id, title=excluded.title, description=excluded.description, sort_order=excluded.sort_order, active=excluded.active;
INSERT INTO requirement_sections (id, requirement_id, title, description, sort_order, active) VALUES ('section-reflection-next-year-plan-root', 'req-reflection-next-year-plan', 'Reflection 5: Plan for the Next Year', NULL, 1, 1) ON CONFLICT(id) DO UPDATE SET requirement_id=excluded.requirement_id, title=excluded.title, description=excluded.description, sort_order=excluded.sort_order, active=excluded.active;
INSERT INTO requirement_sections (id, requirement_id, title, description, sort_order, active) VALUES ('section-personal-archive-export-root', 'req-personal-archive-export', 'Download and Keep Personal Copies', NULL, 1, 1) ON CONFLICT(id) DO UPDATE SET requirement_id=excluded.requirement_id, title=excluded.title, description=excluded.description, sort_order=excluded.sort_order, active=excluded.active;
INSERT INTO deadlines (id, requirement_id, program_id, cohort_id, title, due_at, timezone, active) VALUES ('deadline-senior-project-workspace-1', 'req-senior-project-workspace', NULL, NULL, 'Before using cycle documents', '2025-09-01T00:00:00Z', 'America/Los_Angeles', 1) ON CONFLICT(id) DO UPDATE SET requirement_id=excluded.requirement_id, program_id=excluded.program_id, cohort_id=excluded.cohort_id, title=excluded.title, due_at=excluded.due_at, timezone=excluded.timezone, active=excluded.active;
INSERT INTO deadlines (id, requirement_id, program_id, cohort_id, title, due_at, timezone, active) VALUES ('deadline-resume-1', 'req-resume', NULL, NULL, 'October 1 and 2', '2025-10-01T00:00:00Z', 'America/Los_Angeles', 1) ON CONFLICT(id) DO UPDATE SET requirement_id=excluded.requirement_id, program_id=excluded.program_id, cohort_id=excluded.cohort_id, title=excluded.title, due_at=excluded.due_at, timezone=excluded.timezone, active=excluded.active;
INSERT INTO deadlines (id, requirement_id, program_id, cohort_id, title, due_at, timezone, active) VALUES ('deadline-resume-2', 'req-resume', NULL, NULL, 'October 1 and 2', '2025-10-02T00:00:00Z', 'America/Los_Angeles', 1) ON CONFLICT(id) DO UPDATE SET requirement_id=excluded.requirement_id, program_id=excluded.program_id, cohort_id=excluded.cohort_id, title=excluded.title, due_at=excluded.due_at, timezone=excluded.timezone, active=excluded.active;
INSERT INTO deadlines (id, requirement_id, program_id, cohort_id, title, due_at, timezone, active) VALUES ('deadline-proposal-draft-1', 'req-proposal-draft', NULL, NULL, 'October 9 and 10', '2025-10-09T00:00:00Z', 'America/Los_Angeles', 1) ON CONFLICT(id) DO UPDATE SET requirement_id=excluded.requirement_id, program_id=excluded.program_id, cohort_id=excluded.cohort_id, title=excluded.title, due_at=excluded.due_at, timezone=excluded.timezone, active=excluded.active;
INSERT INTO deadlines (id, requirement_id, program_id, cohort_id, title, due_at, timezone, active) VALUES ('deadline-proposal-draft-2', 'req-proposal-draft', NULL, NULL, 'October 9 and 10', '2025-10-10T00:00:00Z', 'America/Los_Angeles', 1) ON CONFLICT(id) DO UPDATE SET requirement_id=excluded.requirement_id, program_id=excluded.program_id, cohort_id=excluded.cohort_id, title=excluded.title, due_at=excluded.due_at, timezone=excluded.timezone, active=excluded.active;
INSERT INTO deadlines (id, requirement_id, program_id, cohort_id, title, due_at, timezone, active) VALUES ('deadline-approved-proposal-1', 'req-approved-proposal', NULL, NULL, 'November 14', '2025-11-14T00:00:00Z', 'America/Los_Angeles', 1) ON CONFLICT(id) DO UPDATE SET requirement_id=excluded.requirement_id, program_id=excluded.program_id, cohort_id=excluded.cohort_id, title=excluded.title, due_at=excluded.due_at, timezone=excluded.timezone, active=excluded.active;
INSERT INTO deadlines (id, requirement_id, program_id, cohort_id, title, due_at, timezone, active) VALUES ('deadline-research-proposal-challenge-1', 'req-research-proposal-challenge', NULL, NULL, 'December or January, depending on English teacher', '2026-01-31T00:00:00Z', 'America/Los_Angeles', 1) ON CONFLICT(id) DO UPDATE SET requirement_id=excluded.requirement_id, program_id=excluded.program_id, cohort_id=excluded.cohort_id, title=excluded.title, due_at=excluded.due_at, timezone=excluded.timezone, active=excluded.active;
INSERT INTO deadlines (id, requirement_id, program_id, cohort_id, title, due_at, timezone, active) VALUES ('deadline-mentor-meeting-one-plan-1', 'req-mentor-meeting-one-plan', NULL, NULL, 'January 14, make-up January 16', '2026-01-14T00:00:00Z', 'America/Los_Angeles', 1) ON CONFLICT(id) DO UPDATE SET requirement_id=excluded.requirement_id, program_id=excluded.program_id, cohort_id=excluded.cohort_id, title=excluded.title, due_at=excluded.due_at, timezone=excluded.timezone, active=excluded.active;
INSERT INTO deadlines (id, requirement_id, program_id, cohort_id, title, due_at, timezone, active) VALUES ('deadline-mentor-meeting-one-plan-2', 'req-mentor-meeting-one-plan', NULL, NULL, 'January 14, make-up January 16', '2026-01-16T00:00:00Z', 'America/Los_Angeles', 1) ON CONFLICT(id) DO UPDATE SET requirement_id=excluded.requirement_id, program_id=excluded.program_id, cohort_id=excluded.cohort_id, title=excluded.title, due_at=excluded.due_at, timezone=excluded.timezone, active=excluded.active;
INSERT INTO deadlines (id, requirement_id, program_id, cohort_id, title, due_at, timezone, active) VALUES ('deadline-mentor-meeting-two-outline-1', 'req-mentor-meeting-two-outline', NULL, NULL, 'February 18', '2026-02-18T00:00:00Z', 'America/Los_Angeles', 1) ON CONFLICT(id) DO UPDATE SET requirement_id=excluded.requirement_id, program_id=excluded.program_id, cohort_id=excluded.cohort_id, title=excluded.title, due_at=excluded.due_at, timezone=excluded.timezone, active=excluded.active;
INSERT INTO deadlines (id, requirement_id, program_id, cohort_id, title, due_at, timezone, active) VALUES ('deadline-thanks-and-thanks-1', 'req-thanks-and-thanks', NULL, NULL, 'March 24', '2026-03-24T00:00:00Z', 'America/Los_Angeles', 1) ON CONFLICT(id) DO UPDATE SET requirement_id=excluded.requirement_id, program_id=excluded.program_id, cohort_id=excluded.cohort_id, title=excluded.title, due_at=excluded.due_at, timezone=excluded.timezone, active=excluded.active;
INSERT INTO deadlines (id, requirement_id, program_id, cohort_id, title, due_at, timezone, active) VALUES ('deadline-presentation-day-1', 'req-presentation-day', NULL, NULL, 'March 26', '2026-03-26T00:00:00Z', 'America/Los_Angeles', 1) ON CONFLICT(id) DO UPDATE SET requirement_id=excluded.requirement_id, program_id=excluded.program_id, cohort_id=excluded.cohort_id, title=excluded.title, due_at=excluded.due_at, timezone=excluded.timezone, active=excluded.active;
INSERT INTO deadlines (id, requirement_id, program_id, cohort_id, title, due_at, timezone, active) VALUES ('deadline-celebration-day-1', 'req-celebration-day', NULL, NULL, 'March 27', '2026-03-27T00:00:00Z', 'America/Los_Angeles', 1) ON CONFLICT(id) DO UPDATE SET requirement_id=excluded.requirement_id, program_id=excluded.program_id, cohort_id=excluded.cohort_id, title=excluded.title, due_at=excluded.due_at, timezone=excluded.timezone, active=excluded.active;
INSERT INTO deadlines (id, requirement_id, program_id, cohort_id, title, due_at, timezone, active) VALUES ('deadline-reflection-best-work-1', 'req-reflection-best-work', NULL, NULL, 'April 8 and 9', '2026-04-08T00:00:00Z', 'America/Los_Angeles', 1) ON CONFLICT(id) DO UPDATE SET requirement_id=excluded.requirement_id, program_id=excluded.program_id, cohort_id=excluded.cohort_id, title=excluded.title, due_at=excluded.due_at, timezone=excluded.timezone, active=excluded.active;
INSERT INTO deadlines (id, requirement_id, program_id, cohort_id, title, due_at, timezone, active) VALUES ('deadline-reflection-best-work-2', 'req-reflection-best-work', NULL, NULL, 'April 8 and 9', '2026-04-09T00:00:00Z', 'America/Los_Angeles', 1) ON CONFLICT(id) DO UPDATE SET requirement_id=excluded.requirement_id, program_id=excluded.program_id, cohort_id=excluded.cohort_id, title=excluded.title, due_at=excluded.due_at, timezone=excluded.timezone, active=excluded.active;
INSERT INTO deadlines (id, requirement_id, program_id, cohort_id, title, due_at, timezone, active) VALUES ('deadline-reflection-senior-project-1', 'req-reflection-senior-project', NULL, NULL, 'April 8 and 9', '2026-04-08T00:00:00Z', 'America/Los_Angeles', 1) ON CONFLICT(id) DO UPDATE SET requirement_id=excluded.requirement_id, program_id=excluded.program_id, cohort_id=excluded.cohort_id, title=excluded.title, due_at=excluded.due_at, timezone=excluded.timezone, active=excluded.active;
INSERT INTO deadlines (id, requirement_id, program_id, cohort_id, title, due_at, timezone, active) VALUES ('deadline-reflection-senior-project-2', 'req-reflection-senior-project', NULL, NULL, 'April 8 and 9', '2026-04-09T00:00:00Z', 'America/Los_Angeles', 1) ON CONFLICT(id) DO UPDATE SET requirement_id=excluded.requirement_id, program_id=excluded.program_id, cohort_id=excluded.cohort_id, title=excluded.title, due_at=excluded.due_at, timezone=excluded.timezone, active=excluded.active;
INSERT INTO deadlines (id, requirement_id, program_id, cohort_id, title, due_at, timezone, active) VALUES ('deadline-reflection-tenet-mastery-1', 'req-reflection-tenet-mastery', NULL, NULL, 'April 8 and 9', '2026-04-08T00:00:00Z', 'America/Los_Angeles', 1) ON CONFLICT(id) DO UPDATE SET requirement_id=excluded.requirement_id, program_id=excluded.program_id, cohort_id=excluded.cohort_id, title=excluded.title, due_at=excluded.due_at, timezone=excluded.timezone, active=excluded.active;
INSERT INTO deadlines (id, requirement_id, program_id, cohort_id, title, due_at, timezone, active) VALUES ('deadline-reflection-tenet-mastery-2', 'req-reflection-tenet-mastery', NULL, NULL, 'April 8 and 9', '2026-04-09T00:00:00Z', 'America/Los_Angeles', 1) ON CONFLICT(id) DO UPDATE SET requirement_id=excluded.requirement_id, program_id=excluded.program_id, cohort_id=excluded.cohort_id, title=excluded.title, due_at=excluded.due_at, timezone=excluded.timezone, active=excluded.active;
INSERT INTO deadlines (id, requirement_id, program_id, cohort_id, title, due_at, timezone, active) VALUES ('deadline-reflection-project-based-learning-1', 'req-reflection-project-based-learning', NULL, NULL, 'April 8 and 9', '2026-04-08T00:00:00Z', 'America/Los_Angeles', 1) ON CONFLICT(id) DO UPDATE SET requirement_id=excluded.requirement_id, program_id=excluded.program_id, cohort_id=excluded.cohort_id, title=excluded.title, due_at=excluded.due_at, timezone=excluded.timezone, active=excluded.active;
INSERT INTO deadlines (id, requirement_id, program_id, cohort_id, title, due_at, timezone, active) VALUES ('deadline-reflection-project-based-learning-2', 'req-reflection-project-based-learning', NULL, NULL, 'April 8 and 9', '2026-04-09T00:00:00Z', 'America/Los_Angeles', 1) ON CONFLICT(id) DO UPDATE SET requirement_id=excluded.requirement_id, program_id=excluded.program_id, cohort_id=excluded.cohort_id, title=excluded.title, due_at=excluded.due_at, timezone=excluded.timezone, active=excluded.active;
INSERT INTO deadlines (id, requirement_id, program_id, cohort_id, title, due_at, timezone, active) VALUES ('deadline-reflection-next-year-plan-1', 'req-reflection-next-year-plan', NULL, NULL, 'April 8 and 9', '2026-04-08T00:00:00Z', 'America/Los_Angeles', 1) ON CONFLICT(id) DO UPDATE SET requirement_id=excluded.requirement_id, program_id=excluded.program_id, cohort_id=excluded.cohort_id, title=excluded.title, due_at=excluded.due_at, timezone=excluded.timezone, active=excluded.active;
INSERT INTO deadlines (id, requirement_id, program_id, cohort_id, title, due_at, timezone, active) VALUES ('deadline-reflection-next-year-plan-2', 'req-reflection-next-year-plan', NULL, NULL, 'April 8 and 9', '2026-04-09T00:00:00Z', 'America/Los_Angeles', 1) ON CONFLICT(id) DO UPDATE SET requirement_id=excluded.requirement_id, program_id=excluded.program_id, cohort_id=excluded.cohort_id, title=excluded.title, due_at=excluded.due_at, timezone=excluded.timezone, active=excluded.active;
INSERT INTO deadlines (id, requirement_id, program_id, cohort_id, title, due_at, timezone, active) VALUES ('deadline-personal-archive-export-1', 'req-personal-archive-export', NULL, NULL, 'May 5', '2026-05-05T00:00:00Z', 'America/Los_Angeles', 1) ON CONFLICT(id) DO UPDATE SET requirement_id=excluded.requirement_id, program_id=excluded.program_id, cohort_id=excluded.cohort_id, title=excluded.title, due_at=excluded.due_at, timezone=excluded.timezone, active=excluded.active;
INSERT INTO requirement_credit_owners (requirement_id, owner_label) VALUES ('req-senior-project-workspace', 'Program support') ON CONFLICT(requirement_id, owner_label) DO NOTHING;
INSERT INTO requirement_credit_owners (requirement_id, owner_label) VALUES ('req-senior-project-workspace', 'Admin support') ON CONFLICT(requirement_id, owner_label) DO NOTHING;
INSERT INTO requirement_credit_owners (requirement_id, owner_label) VALUES ('req-resume', 'English Class') ON CONFLICT(requirement_id, owner_label) DO NOTHING;
INSERT INTO requirement_credit_owners (requirement_id, owner_label) VALUES ('req-proposal-draft', 'Program Class') ON CONFLICT(requirement_id, owner_label) DO NOTHING;
INSERT INTO requirement_credit_owners (requirement_id, owner_label) VALUES ('req-approved-proposal', 'English Class') ON CONFLICT(requirement_id, owner_label) DO NOTHING;
INSERT INTO requirement_credit_owners (requirement_id, owner_label) VALUES ('req-approved-proposal', 'Government Class') ON CONFLICT(requirement_id, owner_label) DO NOTHING;
INSERT INTO requirement_credit_owners (requirement_id, owner_label) VALUES ('req-approved-proposal', 'Program Classes') ON CONFLICT(requirement_id, owner_label) DO NOTHING;
INSERT INTO requirement_credit_owners (requirement_id, owner_label) VALUES ('req-research-proposal-challenge', 'English Class') ON CONFLICT(requirement_id, owner_label) DO NOTHING;
INSERT INTO requirement_credit_owners (requirement_id, owner_label) VALUES ('req-mentor-meeting-one-plan', 'Required attendance') ON CONFLICT(requirement_id, owner_label) DO NOTHING;
INSERT INTO requirement_credit_owners (requirement_id, owner_label) VALUES ('req-mentor-meeting-two-outline', 'Program Class') ON CONFLICT(requirement_id, owner_label) DO NOTHING;
INSERT INTO requirement_credit_owners (requirement_id, owner_label) VALUES ('req-thanks-and-thanks', 'English Class') ON CONFLICT(requirement_id, owner_label) DO NOTHING;
INSERT INTO requirement_credit_owners (requirement_id, owner_label) VALUES ('req-thanks-and-thanks', 'Government Class') ON CONFLICT(requirement_id, owner_label) DO NOTHING;
INSERT INTO requirement_credit_owners (requirement_id, owner_label) VALUES ('req-presentation-day', 'English Class') ON CONFLICT(requirement_id, owner_label) DO NOTHING;
INSERT INTO requirement_credit_owners (requirement_id, owner_label) VALUES ('req-presentation-day', 'Government Class') ON CONFLICT(requirement_id, owner_label) DO NOTHING;
INSERT INTO requirement_credit_owners (requirement_id, owner_label) VALUES ('req-presentation-day', 'Program Classes') ON CONFLICT(requirement_id, owner_label) DO NOTHING;
INSERT INTO requirement_credit_owners (requirement_id, owner_label) VALUES ('req-celebration-day', 'Senior Program Teachers') ON CONFLICT(requirement_id, owner_label) DO NOTHING;
INSERT INTO requirement_credit_owners (requirement_id, owner_label) VALUES ('req-reflection-best-work', 'English Class') ON CONFLICT(requirement_id, owner_label) DO NOTHING;
INSERT INTO requirement_credit_owners (requirement_id, owner_label) VALUES ('req-reflection-best-work', 'Government Class') ON CONFLICT(requirement_id, owner_label) DO NOTHING;
INSERT INTO requirement_credit_owners (requirement_id, owner_label) VALUES ('req-reflection-senior-project', 'English Class') ON CONFLICT(requirement_id, owner_label) DO NOTHING;
INSERT INTO requirement_credit_owners (requirement_id, owner_label) VALUES ('req-reflection-senior-project', 'Government Class') ON CONFLICT(requirement_id, owner_label) DO NOTHING;
INSERT INTO requirement_credit_owners (requirement_id, owner_label) VALUES ('req-reflection-tenet-mastery', 'English Class') ON CONFLICT(requirement_id, owner_label) DO NOTHING;
INSERT INTO requirement_credit_owners (requirement_id, owner_label) VALUES ('req-reflection-tenet-mastery', 'Government Class') ON CONFLICT(requirement_id, owner_label) DO NOTHING;
INSERT INTO requirement_credit_owners (requirement_id, owner_label) VALUES ('req-reflection-project-based-learning', 'English Class') ON CONFLICT(requirement_id, owner_label) DO NOTHING;
INSERT INTO requirement_credit_owners (requirement_id, owner_label) VALUES ('req-reflection-project-based-learning', 'Government Class') ON CONFLICT(requirement_id, owner_label) DO NOTHING;
INSERT INTO requirement_credit_owners (requirement_id, owner_label) VALUES ('req-reflection-next-year-plan', 'English Class') ON CONFLICT(requirement_id, owner_label) DO NOTHING;
INSERT INTO requirement_credit_owners (requirement_id, owner_label) VALUES ('req-reflection-next-year-plan', 'Government Class') ON CONFLICT(requirement_id, owner_label) DO NOTHING;
INSERT INTO requirement_credit_owners (requirement_id, owner_label) VALUES ('req-personal-archive-export', 'Student responsibility') ON CONFLICT(requirement_id, owner_label) DO NOTHING;
INSERT INTO requirement_credit_owners (requirement_id, owner_label) VALUES ('req-personal-archive-export', 'Admin support') ON CONFLICT(requirement_id, owner_label) DO NOTHING;
INSERT INTO requirement_student_evidence (requirement_id, evidence_text) VALUES ('req-senior-project-workspace', 'Workspace exists') ON CONFLICT(requirement_id, evidence_text) DO NOTHING;
INSERT INTO requirement_student_evidence (requirement_id, evidence_text) VALUES ('req-senior-project-workspace', 'Student can see own requirements') ON CONFLICT(requirement_id, evidence_text) DO NOTHING;
INSERT INTO requirement_student_evidence (requirement_id, evidence_text) VALUES ('req-senior-project-workspace', 'Student has private evidence space') ON CONFLICT(requirement_id, evidence_text) DO NOTHING;
INSERT INTO requirement_student_evidence (requirement_id, evidence_text) VALUES ('req-senior-project-workspace', 'Staff can see assigned student workspace') ON CONFLICT(requirement_id, evidence_text) DO NOTHING;
INSERT INTO requirement_student_evidence (requirement_id, evidence_text) VALUES ('req-resume', 'Resume upload or private external link') ON CONFLICT(requirement_id, evidence_text) DO NOTHING;
INSERT INTO requirement_student_evidence (requirement_id, evidence_text) VALUES ('req-resume', 'Resume quality checklist completion') ON CONFLICT(requirement_id, evidence_text) DO NOTHING;
INSERT INTO requirement_student_evidence (requirement_id, evidence_text) VALUES ('req-proposal-draft', 'Proposal draft') ON CONFLICT(requirement_id, evidence_text) DO NOTHING;
INSERT INTO requirement_student_evidence (requirement_id, evidence_text) VALUES ('req-proposal-draft', 'Program fit explanation') ON CONFLICT(requirement_id, evidence_text) DO NOTHING;
INSERT INTO requirement_student_evidence (requirement_id, evidence_text) VALUES ('req-proposal-draft', 'Feasibility notes') ON CONFLICT(requirement_id, evidence_text) DO NOTHING;
INSERT INTO requirement_student_evidence (requirement_id, evidence_text) VALUES ('req-approved-proposal', 'Approved final proposal') ON CONFLICT(requirement_id, evidence_text) DO NOTHING;
INSERT INTO requirement_student_evidence (requirement_id, evidence_text) VALUES ('req-approved-proposal', 'Approval record') ON CONFLICT(requirement_id, evidence_text) DO NOTHING;
INSERT INTO requirement_student_evidence (requirement_id, evidence_text) VALUES ('req-approved-proposal', 'Final proposal artifact or app-generated proposal') ON CONFLICT(requirement_id, evidence_text) DO NOTHING;
INSERT INTO requirement_student_evidence (requirement_id, evidence_text) VALUES ('req-research-proposal-challenge', 'Problem statement') ON CONFLICT(requirement_id, evidence_text) DO NOTHING;
INSERT INTO requirement_student_evidence (requirement_id, evidence_text) VALUES ('req-research-proposal-challenge', 'Proposed solution') ON CONFLICT(requirement_id, evidence_text) DO NOTHING;
INSERT INTO requirement_student_evidence (requirement_id, evidence_text) VALUES ('req-research-proposal-challenge', 'Three relevant research sources') ON CONFLICT(requirement_id, evidence_text) DO NOTHING;
INSERT INTO requirement_student_evidence (requirement_id, evidence_text) VALUES ('req-research-proposal-challenge', 'One key quote') ON CONFLICT(requirement_id, evidence_text) DO NOTHING;
INSERT INTO requirement_student_evidence (requirement_id, evidence_text) VALUES ('req-research-proposal-challenge', 'Counterclaim') ON CONFLICT(requirement_id, evidence_text) DO NOTHING;
INSERT INTO requirement_student_evidence (requirement_id, evidence_text) VALUES ('req-research-proposal-challenge', 'Refutation using facts') ON CONFLICT(requirement_id, evidence_text) DO NOTHING;
INSERT INTO requirement_student_evidence (requirement_id, evidence_text) VALUES ('req-research-proposal-challenge', 'Student''s own-words solution draft') ON CONFLICT(requirement_id, evidence_text) DO NOTHING;
INSERT INTO requirement_student_evidence (requirement_id, evidence_text) VALUES ('req-research-proposal-challenge', 'AI-supported feedback') ON CONFLICT(requirement_id, evidence_text) DO NOTHING;
INSERT INTO requirement_student_evidence (requirement_id, evidence_text) VALUES ('req-research-proposal-challenge', 'Final voice-preserving proposal') ON CONFLICT(requirement_id, evidence_text) DO NOTHING;
INSERT INTO requirement_student_evidence (requirement_id, evidence_text) VALUES ('req-research-proposal-challenge', 'Why the solution matters') ON CONFLICT(requirement_id, evidence_text) DO NOTHING;
INSERT INTO requirement_student_evidence (requirement_id, evidence_text) VALUES ('req-mentor-meeting-one-plan', 'Meeting prep notes') ON CONFLICT(requirement_id, evidence_text) DO NOTHING;
INSERT INTO requirement_student_evidence (requirement_id, evidence_text) VALUES ('req-mentor-meeting-one-plan', 'Proposal copy available') ON CONFLICT(requirement_id, evidence_text) DO NOTHING;
INSERT INTO requirement_student_evidence (requirement_id, evidence_text) VALUES ('req-mentor-meeting-one-plan', 'Questions for mentor') ON CONFLICT(requirement_id, evidence_text) DO NOTHING;
INSERT INTO requirement_student_evidence (requirement_id, evidence_text) VALUES ('req-mentor-meeting-one-plan', 'Attendance status') ON CONFLICT(requirement_id, evidence_text) DO NOTHING;
INSERT INTO requirement_student_evidence (requirement_id, evidence_text) VALUES ('req-mentor-meeting-one-plan', 'Next actions') ON CONFLICT(requirement_id, evidence_text) DO NOTHING;
INSERT INTO requirement_student_evidence (requirement_id, evidence_text) VALUES ('req-mentor-meeting-two-outline', 'Presentation outline') ON CONFLICT(requirement_id, evidence_text) DO NOTHING;
INSERT INTO requirement_student_evidence (requirement_id, evidence_text) VALUES ('req-mentor-meeting-two-outline', 'Presentation readiness checklist') ON CONFLICT(requirement_id, evidence_text) DO NOTHING;
INSERT INTO requirement_student_evidence (requirement_id, evidence_text) VALUES ('req-mentor-meeting-two-outline', 'Scheduled presentation time') ON CONFLICT(requirement_id, evidence_text) DO NOTHING;
INSERT INTO requirement_student_evidence (requirement_id, evidence_text) VALUES ('req-mentor-meeting-two-outline', 'Mentor approval or revision request') ON CONFLICT(requirement_id, evidence_text) DO NOTHING;
INSERT INTO requirement_student_evidence (requirement_id, evidence_text) VALUES ('req-thanks-and-thanks', 'Thank-you letter') ON CONFLICT(requirement_id, evidence_text) DO NOTHING;
INSERT INTO requirement_student_evidence (requirement_id, evidence_text) VALUES ('req-thanks-and-thanks', 'Recipient or audience') ON CONFLICT(requirement_id, evidence_text) DO NOTHING;
INSERT INTO requirement_student_evidence (requirement_id, evidence_text) VALUES ('req-thanks-and-thanks', 'Submission/link confirmation') ON CONFLICT(requirement_id, evidence_text) DO NOTHING;
INSERT INTO requirement_student_evidence (requirement_id, evidence_text) VALUES ('req-presentation-day', 'Presentation slides') ON CONFLICT(requirement_id, evidence_text) DO NOTHING;
INSERT INTO requirement_student_evidence (requirement_id, evidence_text) VALUES ('req-presentation-day', 'Presentation time') ON CONFLICT(requirement_id, evidence_text) DO NOTHING;
INSERT INTO requirement_student_evidence (requirement_id, evidence_text) VALUES ('req-presentation-day', 'Check-out/check-in status') ON CONFLICT(requirement_id, evidence_text) DO NOTHING;
INSERT INTO requirement_student_evidence (requirement_id, evidence_text) VALUES ('req-presentation-day', 'Rubric score or review record') ON CONFLICT(requirement_id, evidence_text) DO NOTHING;
INSERT INTO requirement_student_evidence (requirement_id, evidence_text) VALUES ('req-presentation-day', 'Audience/readiness acknowledgement') ON CONFLICT(requirement_id, evidence_text) DO NOTHING;
INSERT INTO requirement_student_evidence (requirement_id, evidence_text) VALUES ('req-celebration-day', 'Celebration display plan') ON CONFLICT(requirement_id, evidence_text) DO NOTHING;
INSERT INTO requirement_student_evidence (requirement_id, evidence_text) VALUES ('req-celebration-day', 'At least one setup photo') ON CONFLICT(requirement_id, evidence_text) DO NOTHING;
INSERT INTO requirement_student_evidence (requirement_id, evidence_text) VALUES ('req-celebration-day', 'Display rubric record') ON CONFLICT(requirement_id, evidence_text) DO NOTHING;
INSERT INTO requirement_student_evidence (requirement_id, evidence_text) VALUES ('req-celebration-day', 'Ingredient list if food is shared') ON CONFLICT(requirement_id, evidence_text) DO NOTHING;
INSERT INTO requirement_student_evidence (requirement_id, evidence_text) VALUES ('req-celebration-day', 'Safety/permission notes when relevant') ON CONFLICT(requirement_id, evidence_text) DO NOTHING;
INSERT INTO requirement_student_evidence (requirement_id, evidence_text) VALUES ('req-reflection-best-work', 'Best-work artifact') ON CONFLICT(requirement_id, evidence_text) DO NOTHING;
INSERT INTO requirement_student_evidence (requirement_id, evidence_text) VALUES ('req-reflection-best-work', 'Reflection text') ON CONFLICT(requirement_id, evidence_text) DO NOTHING;
INSERT INTO requirement_student_evidence (requirement_id, evidence_text) VALUES ('req-reflection-best-work', 'Link/upload to final product') ON CONFLICT(requirement_id, evidence_text) DO NOTHING;
INSERT INTO requirement_student_evidence (requirement_id, evidence_text) VALUES ('req-reflection-senior-project', 'Senior project reflection') ON CONFLICT(requirement_id, evidence_text) DO NOTHING;
INSERT INTO requirement_student_evidence (requirement_id, evidence_text) VALUES ('req-reflection-tenet-mastery', 'Tenet mastery reflection') ON CONFLICT(requirement_id, evidence_text) DO NOTHING;
INSERT INTO requirement_student_evidence (requirement_id, evidence_text) VALUES ('req-reflection-tenet-mastery', 'Evidence tied to selected tenets') ON CONFLICT(requirement_id, evidence_text) DO NOTHING;
INSERT INTO requirement_student_evidence (requirement_id, evidence_text) VALUES ('req-reflection-project-based-learning', 'Project-based learning reflection') ON CONFLICT(requirement_id, evidence_text) DO NOTHING;
INSERT INTO requirement_student_evidence (requirement_id, evidence_text) VALUES ('req-reflection-project-based-learning', 'Process evidence') ON CONFLICT(requirement_id, evidence_text) DO NOTHING;
INSERT INTO requirement_student_evidence (requirement_id, evidence_text) VALUES ('req-reflection-next-year-plan', 'August-July 2026-2027 plan') ON CONFLICT(requirement_id, evidence_text) DO NOTHING;
INSERT INTO requirement_student_evidence (requirement_id, evidence_text) VALUES ('req-reflection-next-year-plan', 'Reflection on first year after high school') ON CONFLICT(requirement_id, evidence_text) DO NOTHING;
INSERT INTO requirement_student_evidence (requirement_id, evidence_text) VALUES ('req-personal-archive-export', 'Student export package generated') ON CONFLICT(requirement_id, evidence_text) DO NOTHING;
INSERT INTO requirement_student_evidence (requirement_id, evidence_text) VALUES ('req-personal-archive-export', 'Student confirms personal download or transfer') ON CONFLICT(requirement_id, evidence_text) DO NOTHING;
INSERT INTO requirement_dashboard_signals (requirement_id, signal_text) VALUES ('req-senior-project-workspace', 'Students without workspace') ON CONFLICT(requirement_id, signal_text) DO NOTHING;
INSERT INTO requirement_dashboard_signals (requirement_id, signal_text) VALUES ('req-senior-project-workspace', 'Students missing program assignment') ON CONFLICT(requirement_id, signal_text) DO NOTHING;
INSERT INTO requirement_dashboard_signals (requirement_id, signal_text) VALUES ('req-senior-project-workspace', 'Students missing mentor assignment') ON CONFLICT(requirement_id, signal_text) DO NOTHING;
INSERT INTO requirement_dashboard_signals (requirement_id, signal_text) VALUES ('req-senior-project-workspace', 'Students with no uploaded or linked evidence') ON CONFLICT(requirement_id, signal_text) DO NOTHING;
INSERT INTO requirement_dashboard_signals (requirement_id, signal_text) VALUES ('req-resume', 'Resume not started') ON CONFLICT(requirement_id, signal_text) DO NOTHING;
INSERT INTO requirement_dashboard_signals (requirement_id, signal_text) VALUES ('req-resume', 'Resume uploaded but not checked') ON CONFLICT(requirement_id, signal_text) DO NOTHING;
INSERT INTO requirement_dashboard_signals (requirement_id, signal_text) VALUES ('req-resume', 'Resume approved or credited') ON CONFLICT(requirement_id, signal_text) DO NOTHING;
INSERT INTO requirement_dashboard_signals (requirement_id, signal_text) VALUES ('req-proposal-draft', 'Draft missing') ON CONFLICT(requirement_id, signal_text) DO NOTHING;
INSERT INTO requirement_dashboard_signals (requirement_id, signal_text) VALUES ('req-proposal-draft', 'Submitted for program review') ON CONFLICT(requirement_id, signal_text) DO NOTHING;
INSERT INTO requirement_dashboard_signals (requirement_id, signal_text) VALUES ('req-proposal-draft', 'Revision requested') ON CONFLICT(requirement_id, signal_text) DO NOTHING;
INSERT INTO requirement_dashboard_signals (requirement_id, signal_text) VALUES ('req-proposal-draft', 'Approved for final proposal') ON CONFLICT(requirement_id, signal_text) DO NOTHING;
INSERT INTO requirement_dashboard_signals (requirement_id, signal_text) VALUES ('req-approved-proposal', 'Awaiting approval') ON CONFLICT(requirement_id, signal_text) DO NOTHING;
INSERT INTO requirement_dashboard_signals (requirement_id, signal_text) VALUES ('req-approved-proposal', 'Approved proposals by program') ON CONFLICT(requirement_id, signal_text) DO NOTHING;
INSERT INTO requirement_dashboard_signals (requirement_id, signal_text) VALUES ('req-approved-proposal', 'Revision loop count') ON CONFLICT(requirement_id, signal_text) DO NOTHING;
INSERT INTO requirement_dashboard_signals (requirement_id, signal_text) VALUES ('req-approved-proposal', 'Students blocked before research challenge') ON CONFLICT(requirement_id, signal_text) DO NOTHING;
INSERT INTO requirement_dashboard_signals (requirement_id, signal_text) VALUES ('req-research-proposal-challenge', 'Missing sources') ON CONFLICT(requirement_id, signal_text) DO NOTHING;
INSERT INTO requirement_dashboard_signals (requirement_id, signal_text) VALUES ('req-research-proposal-challenge', 'Missing counterclaim') ON CONFLICT(requirement_id, signal_text) DO NOTHING;
INSERT INTO requirement_dashboard_signals (requirement_id, signal_text) VALUES ('req-research-proposal-challenge', 'Missing final version') ON CONFLICT(requirement_id, signal_text) DO NOTHING;
INSERT INTO requirement_dashboard_signals (requirement_id, signal_text) VALUES ('req-research-proposal-challenge', 'Weak or unreviewed research') ON CONFLICT(requirement_id, signal_text) DO NOTHING;
INSERT INTO requirement_dashboard_signals (requirement_id, signal_text) VALUES ('req-research-proposal-challenge', 'Research ready for mentor/program push') ON CONFLICT(requirement_id, signal_text) DO NOTHING;
INSERT INTO requirement_dashboard_signals (requirement_id, signal_text) VALUES ('req-mentor-meeting-one-plan', 'Meeting one not scheduled') ON CONFLICT(requirement_id, signal_text) DO NOTHING;
INSERT INTO requirement_dashboard_signals (requirement_id, signal_text) VALUES ('req-mentor-meeting-one-plan', 'Meeting one missed') ON CONFLICT(requirement_id, signal_text) DO NOTHING;
INSERT INTO requirement_dashboard_signals (requirement_id, signal_text) VALUES ('req-mentor-meeting-one-plan', 'Make-up required') ON CONFLICT(requirement_id, signal_text) DO NOTHING;
INSERT INTO requirement_dashboard_signals (requirement_id, signal_text) VALUES ('req-mentor-meeting-one-plan', 'No next action recorded') ON CONFLICT(requirement_id, signal_text) DO NOTHING;
INSERT INTO requirement_dashboard_signals (requirement_id, signal_text) VALUES ('req-mentor-meeting-two-outline', 'Outline missing') ON CONFLICT(requirement_id, signal_text) DO NOTHING;
INSERT INTO requirement_dashboard_signals (requirement_id, signal_text) VALUES ('req-mentor-meeting-two-outline', 'Outline awaiting approval') ON CONFLICT(requirement_id, signal_text) DO NOTHING;
INSERT INTO requirement_dashboard_signals (requirement_id, signal_text) VALUES ('req-mentor-meeting-two-outline', 'Presentation time missing') ON CONFLICT(requirement_id, signal_text) DO NOTHING;
INSERT INTO requirement_dashboard_signals (requirement_id, signal_text) VALUES ('req-mentor-meeting-two-outline', 'Meeting two missed') ON CONFLICT(requirement_id, signal_text) DO NOTHING;
INSERT INTO requirement_dashboard_signals (requirement_id, signal_text) VALUES ('req-thanks-and-thanks', 'Thank-you missing') ON CONFLICT(requirement_id, signal_text) DO NOTHING;
INSERT INTO requirement_dashboard_signals (requirement_id, signal_text) VALUES ('req-thanks-and-thanks', 'Thank-you submitted') ON CONFLICT(requirement_id, signal_text) DO NOTHING;
INSERT INTO requirement_dashboard_signals (requirement_id, signal_text) VALUES ('req-thanks-and-thanks', 'Thank-you credited') ON CONFLICT(requirement_id, signal_text) DO NOTHING;
INSERT INTO requirement_dashboard_signals (requirement_id, signal_text) VALUES ('req-presentation-day', 'Slides missing') ON CONFLICT(requirement_id, signal_text) DO NOTHING;
INSERT INTO requirement_dashboard_signals (requirement_id, signal_text) VALUES ('req-presentation-day', 'Presentation unscheduled') ON CONFLICT(requirement_id, signal_text) DO NOTHING;
INSERT INTO requirement_dashboard_signals (requirement_id, signal_text) VALUES ('req-presentation-day', 'Awaiting score') ON CONFLICT(requirement_id, signal_text) DO NOTHING;
INSERT INTO requirement_dashboard_signals (requirement_id, signal_text) VALUES ('req-presentation-day', 'Check-out conflict') ON CONFLICT(requirement_id, signal_text) DO NOTHING;
INSERT INTO requirement_dashboard_signals (requirement_id, signal_text) VALUES ('req-presentation-day', 'Presented') ON CONFLICT(requirement_id, signal_text) DO NOTHING;
INSERT INTO requirement_dashboard_signals (requirement_id, signal_text) VALUES ('req-celebration-day', 'Display plan missing') ON CONFLICT(requirement_id, signal_text) DO NOTHING;
INSERT INTO requirement_dashboard_signals (requirement_id, signal_text) VALUES ('req-celebration-day', 'Photo missing') ON CONFLICT(requirement_id, signal_text) DO NOTHING;
INSERT INTO requirement_dashboard_signals (requirement_id, signal_text) VALUES ('req-celebration-day', 'Ingredient list required') ON CONFLICT(requirement_id, signal_text) DO NOTHING;
INSERT INTO requirement_dashboard_signals (requirement_id, signal_text) VALUES ('req-celebration-day', 'Celebration score pending') ON CONFLICT(requirement_id, signal_text) DO NOTHING;
INSERT INTO requirement_dashboard_signals (requirement_id, signal_text) VALUES ('req-celebration-day', 'Celebration complete') ON CONFLICT(requirement_id, signal_text) DO NOTHING;
INSERT INTO requirement_dashboard_signals (requirement_id, signal_text) VALUES ('req-reflection-best-work', 'Best-work reflection missing') ON CONFLICT(requirement_id, signal_text) DO NOTHING;
INSERT INTO requirement_dashboard_signals (requirement_id, signal_text) VALUES ('req-reflection-best-work', 'Artifact missing') ON CONFLICT(requirement_id, signal_text) DO NOTHING;
INSERT INTO requirement_dashboard_signals (requirement_id, signal_text) VALUES ('req-reflection-best-work', 'Submitted') ON CONFLICT(requirement_id, signal_text) DO NOTHING;
INSERT INTO requirement_dashboard_signals (requirement_id, signal_text) VALUES ('req-reflection-best-work', 'Credited') ON CONFLICT(requirement_id, signal_text) DO NOTHING;
INSERT INTO requirement_dashboard_signals (requirement_id, signal_text) VALUES ('req-reflection-senior-project', 'Reflection missing') ON CONFLICT(requirement_id, signal_text) DO NOTHING;
INSERT INTO requirement_dashboard_signals (requirement_id, signal_text) VALUES ('req-reflection-senior-project', 'Submitted') ON CONFLICT(requirement_id, signal_text) DO NOTHING;
INSERT INTO requirement_dashboard_signals (requirement_id, signal_text) VALUES ('req-reflection-senior-project', 'Credited') ON CONFLICT(requirement_id, signal_text) DO NOTHING;
INSERT INTO requirement_dashboard_signals (requirement_id, signal_text) VALUES ('req-reflection-tenet-mastery', 'Tenet reflection missing') ON CONFLICT(requirement_id, signal_text) DO NOTHING;
INSERT INTO requirement_dashboard_signals (requirement_id, signal_text) VALUES ('req-reflection-tenet-mastery', 'Evidence missing') ON CONFLICT(requirement_id, signal_text) DO NOTHING;
INSERT INTO requirement_dashboard_signals (requirement_id, signal_text) VALUES ('req-reflection-tenet-mastery', 'Submitted') ON CONFLICT(requirement_id, signal_text) DO NOTHING;
INSERT INTO requirement_dashboard_signals (requirement_id, signal_text) VALUES ('req-reflection-tenet-mastery', 'Credited') ON CONFLICT(requirement_id, signal_text) DO NOTHING;
INSERT INTO requirement_dashboard_signals (requirement_id, signal_text) VALUES ('req-reflection-project-based-learning', 'PBL reflection missing') ON CONFLICT(requirement_id, signal_text) DO NOTHING;
INSERT INTO requirement_dashboard_signals (requirement_id, signal_text) VALUES ('req-reflection-project-based-learning', 'Submitted') ON CONFLICT(requirement_id, signal_text) DO NOTHING;
INSERT INTO requirement_dashboard_signals (requirement_id, signal_text) VALUES ('req-reflection-project-based-learning', 'Credited') ON CONFLICT(requirement_id, signal_text) DO NOTHING;
INSERT INTO requirement_dashboard_signals (requirement_id, signal_text) VALUES ('req-reflection-next-year-plan', 'Next-year plan missing') ON CONFLICT(requirement_id, signal_text) DO NOTHING;
INSERT INTO requirement_dashboard_signals (requirement_id, signal_text) VALUES ('req-reflection-next-year-plan', 'Submitted') ON CONFLICT(requirement_id, signal_text) DO NOTHING;
INSERT INTO requirement_dashboard_signals (requirement_id, signal_text) VALUES ('req-reflection-next-year-plan', 'Credited') ON CONFLICT(requirement_id, signal_text) DO NOTHING;
INSERT INTO requirement_dashboard_signals (requirement_id, signal_text) VALUES ('req-personal-archive-export', 'Archive not generated') ON CONFLICT(requirement_id, signal_text) DO NOTHING;
INSERT INTO requirement_dashboard_signals (requirement_id, signal_text) VALUES ('req-personal-archive-export', 'Archive generated') ON CONFLICT(requirement_id, signal_text) DO NOTHING;
INSERT INTO requirement_dashboard_signals (requirement_id, signal_text) VALUES ('req-personal-archive-export', 'Student download acknowledged') ON CONFLICT(requirement_id, signal_text) DO NOTHING;
INSERT INTO requirement_dashboard_signals (requirement_id, signal_text) VALUES ('req-personal-archive-export', 'External links at risk after graduation') ON CONFLICT(requirement_id, signal_text) DO NOTHING;
INSERT INTO requirement_review_gates (id, requirement_id, required, reviewer_roles_json, approval_meaning) VALUES ('gate-req-proposal-draft', 'req-proposal-draft', 1, '["program_teacher"]', 'The project is feasible enough to keep developing and may move toward final approval.') ON CONFLICT(id) DO UPDATE SET requirement_id=excluded.requirement_id, required=excluded.required, reviewer_roles_json=excluded.reviewer_roles_json, approval_meaning=excluded.approval_meaning;
INSERT INTO requirement_review_gates (id, requirement_id, required, reviewer_roles_json, approval_meaning) VALUES ('gate-req-approved-proposal', 'req-approved-proposal', 1, '["program_teacher","admin"]', 'The official senior project proposal is approved and can be used by English, Government, and Program classes.') ON CONFLICT(id) DO UPDATE SET requirement_id=excluded.requirement_id, required=excluded.required, reviewer_roles_json=excluded.reviewer_roles_json, approval_meaning=excluded.approval_meaning;
INSERT INTO requirement_review_gates (id, requirement_id, required, reviewer_roles_json, approval_meaning) VALUES ('gate-req-research-proposal-challenge', 'req-research-proposal-challenge', 1, '["program_teacher","mentor"]', 'The research support is strong enough to push the project beyond a basic or generic idea.') ON CONFLICT(id) DO UPDATE SET requirement_id=excluded.requirement_id, required=excluded.required, reviewer_roles_json=excluded.reviewer_roles_json, approval_meaning=excluded.approval_meaning;
INSERT INTO requirement_review_gates (id, requirement_id, required, reviewer_roles_json, approval_meaning) VALUES ('gate-req-mentor-meeting-two-outline', 'req-mentor-meeting-two-outline', 1, '["mentor","program_teacher"]', 'The outline is coherent enough for presentation preparation and a presentation time has been scheduled.') ON CONFLICT(id) DO UPDATE SET requirement_id=excluded.requirement_id, required=excluded.required, reviewer_roles_json=excluded.reviewer_roles_json, approval_meaning=excluded.approval_meaning;
INSERT INTO quality_checks (id, requirement_id, requirement_section_id, severity, prompt, check_type, sort_order, active) VALUES ('qc-senior-project-workspace-1', 'req-senior-project-workspace', NULL, 'nudge', 'Your app workspace replaces the old folder/link hunt. Anything important for Senior Project should be uploaded or linked here.', 'nudge', 1, 1) ON CONFLICT(id) DO UPDATE SET requirement_id=excluded.requirement_id, requirement_section_id=excluded.requirement_section_id, severity=excluded.severity, prompt=excluded.prompt, check_type=excluded.check_type, sort_order=excluded.sort_order, active=excluded.active;
INSERT INTO quality_checks (id, requirement_id, requirement_section_id, severity, prompt, check_type, sort_order, active) VALUES ('qc-resume-1', 'req-resume', NULL, 'nudge', 'Does your resume show skills, certifications, work-based learning, projects, and program-specific strengths?', 'nudge', 1, 1) ON CONFLICT(id) DO UPDATE SET requirement_id=excluded.requirement_id, requirement_section_id=excluded.requirement_section_id, severity=excluded.severity, prompt=excluded.prompt, check_type=excluded.check_type, sort_order=excluded.sort_order, active=excluded.active;
INSERT INTO quality_checks (id, requirement_id, requirement_section_id, severity, prompt, check_type, sort_order, active) VALUES ('qc-proposal-draft-1', 'req-proposal-draft', NULL, 'nudge', 'What problem are you solving?', 'nudge', 1, 1) ON CONFLICT(id) DO UPDATE SET requirement_id=excluded.requirement_id, requirement_section_id=excluded.requirement_section_id, severity=excluded.severity, prompt=excluded.prompt, check_type=excluded.check_type, sort_order=excluded.sort_order, active=excluded.active;
INSERT INTO quality_checks (id, requirement_id, requirement_section_id, severity, prompt, check_type, sort_order, active) VALUES ('qc-proposal-draft-2', 'req-proposal-draft', NULL, 'nudge', 'Who benefits?', 'nudge', 2, 1) ON CONFLICT(id) DO UPDATE SET requirement_id=excluded.requirement_id, requirement_section_id=excluded.requirement_section_id, severity=excluded.severity, prompt=excluded.prompt, check_type=excluded.check_type, sort_order=excluded.sort_order, active=excluded.active;
INSERT INTO quality_checks (id, requirement_id, requirement_section_id, severity, prompt, check_type, sort_order, active) VALUES ('qc-proposal-draft-3', 'req-proposal-draft', NULL, 'nudge', 'What will you actually build, improve, teach, design, serve, or demonstrate?', 'nudge', 3, 1) ON CONFLICT(id) DO UPDATE SET requirement_id=excluded.requirement_id, requirement_section_id=excluded.requirement_section_id, severity=excluded.severity, prompt=excluded.prompt, check_type=excluded.check_type, sort_order=excluded.sort_order, active=excluded.active;
INSERT INTO quality_checks (id, requirement_id, requirement_section_id, severity, prompt, check_type, sort_order, active) VALUES ('qc-proposal-draft-4', 'req-proposal-draft', NULL, 'nudge', 'What evidence will prove the project is more than a simple task?', 'nudge', 4, 1) ON CONFLICT(id) DO UPDATE SET requirement_id=excluded.requirement_id, requirement_section_id=excluded.requirement_section_id, severity=excluded.severity, prompt=excluded.prompt, check_type=excluded.check_type, sort_order=excluded.sort_order, active=excluded.active;
INSERT INTO quality_checks (id, requirement_id, requirement_section_id, severity, prompt, check_type, sort_order, active) VALUES ('qc-approved-proposal-1', 'req-approved-proposal', NULL, 'nudge', 'A strong proposal should be specific, doable, connected to your program, and clear about the evidence you will produce.', 'nudge', 1, 1) ON CONFLICT(id) DO UPDATE SET requirement_id=excluded.requirement_id, requirement_section_id=excluded.requirement_section_id, severity=excluded.severity, prompt=excluded.prompt, check_type=excluded.check_type, sort_order=excluded.sort_order, active=excluded.active;
INSERT INTO quality_checks (id, requirement_id, requirement_section_id, severity, prompt, check_type, sort_order, active) VALUES ('qc-research-proposal-challenge-1', 'req-research-proposal-challenge', NULL, 'nudge', 'Your project gets better when the problem is real, your solution is specific, and your evidence proves both.', 'nudge', 1, 1) ON CONFLICT(id) DO UPDATE SET requirement_id=excluded.requirement_id, requirement_section_id=excluded.requirement_section_id, severity=excluded.severity, prompt=excluded.prompt, check_type=excluded.check_type, sort_order=excluded.sort_order, active=excluded.active;
INSERT INTO quality_checks (id, requirement_id, requirement_section_id, severity, prompt, check_type, sort_order, active) VALUES ('qc-research-proposal-challenge-2', 'req-research-proposal-challenge', NULL, 'nudge', 'Do not stop at ''raise awareness'' unless you can show what people will do differently.', 'nudge', 2, 1) ON CONFLICT(id) DO UPDATE SET requirement_id=excluded.requirement_id, requirement_section_id=excluded.requirement_section_id, severity=excluded.severity, prompt=excluded.prompt, check_type=excluded.check_type, sort_order=excluded.sort_order, active=excluded.active;
INSERT INTO quality_checks (id, requirement_id, requirement_section_id, severity, prompt, check_type, sort_order, active) VALUES ('qc-mentor-meeting-one-plan-1', 'req-mentor-meeting-one-plan', NULL, 'nudge', 'Bring your proposal and ask for help on scope, evidence, timeline, and what would make the project stronger.', 'nudge', 1, 1) ON CONFLICT(id) DO UPDATE SET requirement_id=excluded.requirement_id, requirement_section_id=excluded.requirement_section_id, severity=excluded.severity, prompt=excluded.prompt, check_type=excluded.check_type, sort_order=excluded.sort_order, active=excluded.active;
INSERT INTO quality_checks (id, requirement_id, requirement_section_id, severity, prompt, check_type, sort_order, active) VALUES ('qc-mentor-meeting-two-outline-1', 'req-mentor-meeting-two-outline', NULL, 'nudge', 'Your outline should make the audience understand the problem, your solution, your process, your evidence, and what you learned.', 'nudge', 1, 1) ON CONFLICT(id) DO UPDATE SET requirement_id=excluded.requirement_id, requirement_section_id=excluded.requirement_section_id, severity=excluded.severity, prompt=excluded.prompt, check_type=excluded.check_type, sort_order=excluded.sort_order, active=excluded.active;
INSERT INTO quality_checks (id, requirement_id, requirement_section_id, severity, prompt, check_type, sort_order, active) VALUES ('qc-thanks-and-thanks-1', 'req-thanks-and-thanks', NULL, 'nudge', 'Name the specific support you received and explain why it mattered.', 'nudge', 1, 1) ON CONFLICT(id) DO UPDATE SET requirement_id=excluded.requirement_id, requirement_section_id=excluded.requirement_section_id, severity=excluded.severity, prompt=excluded.prompt, check_type=excluded.check_type, sort_order=excluded.sort_order, active=excluded.active;
INSERT INTO quality_checks (id, requirement_id, requirement_section_id, severity, prompt, check_type, sort_order, active) VALUES ('qc-presentation-day-1', 'req-presentation-day', NULL, 'nudge', 'Your slides should support your story, not replace it. Show problem, solution, process, evidence, impact, and learning.', 'nudge', 1, 1) ON CONFLICT(id) DO UPDATE SET requirement_id=excluded.requirement_id, requirement_section_id=excluded.requirement_section_id, severity=excluded.severity, prompt=excluded.prompt, check_type=excluded.check_type, sort_order=excluded.sort_order, active=excluded.active;
INSERT INTO quality_checks (id, requirement_id, requirement_section_id, severity, prompt, check_type, sort_order, active) VALUES ('qc-celebration-day-1', 'req-celebration-day', NULL, 'nudge', 'Your display should help someone understand what you built, why it mattered, and what evidence proves it worked.', 'nudge', 1, 1) ON CONFLICT(id) DO UPDATE SET requirement_id=excluded.requirement_id, requirement_section_id=excluded.requirement_section_id, severity=excluded.severity, prompt=excluded.prompt, check_type=excluded.check_type, sort_order=excluded.sort_order, active=excluded.active;
INSERT INTO quality_checks (id, requirement_id, requirement_section_id, severity, prompt, check_type, sort_order, active) VALUES ('qc-reflection-best-work-1', 'req-reflection-best-work', NULL, 'nudge', 'Choose work that proves growth, skill, effort, or impact. Explain why it is your best, not just what it is.', 'nudge', 1, 1) ON CONFLICT(id) DO UPDATE SET requirement_id=excluded.requirement_id, requirement_section_id=excluded.requirement_section_id, severity=excluded.severity, prompt=excluded.prompt, check_type=excluded.check_type, sort_order=excluded.sort_order, active=excluded.active;
INSERT INTO quality_checks (id, requirement_id, requirement_section_id, severity, prompt, check_type, sort_order, active) VALUES ('qc-reflection-senior-project-1', 'req-reflection-senior-project', NULL, 'nudge', 'Explain what changed from your first idea to the final result, including setbacks and revisions.', 'nudge', 1, 1) ON CONFLICT(id) DO UPDATE SET requirement_id=excluded.requirement_id, requirement_section_id=excluded.requirement_section_id, severity=excluded.severity, prompt=excluded.prompt, check_type=excluded.check_type, sort_order=excluded.sort_order, active=excluded.active;
INSERT INTO quality_checks (id, requirement_id, requirement_section_id, severity, prompt, check_type, sort_order, active) VALUES ('qc-reflection-tenet-mastery-1', 'req-reflection-tenet-mastery', NULL, 'nudge', 'Do not only name the tenet. Prove mastery with a specific moment, artifact, or decision.', 'nudge', 1, 1) ON CONFLICT(id) DO UPDATE SET requirement_id=excluded.requirement_id, requirement_section_id=excluded.requirement_section_id, severity=excluded.severity, prompt=excluded.prompt, check_type=excluded.check_type, sort_order=excluded.sort_order, active=excluded.active;
INSERT INTO quality_checks (id, requirement_id, requirement_section_id, severity, prompt, check_type, sort_order, active) VALUES ('qc-reflection-project-based-learning-1', 'req-reflection-project-based-learning', NULL, 'nudge', 'Show how planning, feedback, iteration, and evidence shaped the work.', 'nudge', 1, 1) ON CONFLICT(id) DO UPDATE SET requirement_id=excluded.requirement_id, requirement_section_id=excluded.requirement_section_id, severity=excluded.severity, prompt=excluded.prompt, check_type=excluded.check_type, sort_order=excluded.sort_order, active=excluded.active;
INSERT INTO quality_checks (id, requirement_id, requirement_section_id, severity, prompt, check_type, sort_order, active) VALUES ('qc-reflection-next-year-plan-1', 'req-reflection-next-year-plan', NULL, 'nudge', 'Make the plan specific enough that future-you could use it: next steps, supports, dates, money/time realities, and backup options.', 'nudge', 1, 1) ON CONFLICT(id) DO UPDATE SET requirement_id=excluded.requirement_id, requirement_section_id=excluded.requirement_section_id, severity=excluded.severity, prompt=excluded.prompt, check_type=excluded.check_type, sort_order=excluded.sort_order, active=excluded.active;
INSERT INTO quality_checks (id, requirement_id, requirement_section_id, severity, prompt, check_type, sort_order, active) VALUES ('qc-personal-archive-export-1', 'req-personal-archive-export', NULL, 'nudge', 'Keep proof of what you built and learned where you can access it after graduation.', 'nudge', 1, 1) ON CONFLICT(id) DO UPDATE SET requirement_id=excluded.requirement_id, requirement_section_id=excluded.requirement_section_id, severity=excluded.severity, prompt=excluded.prompt, check_type=excluded.check_type, sort_order=excluded.sort_order, active=excluded.active;
-- End seed
